{
    "Day": [
        1,
        2
    ],
    "Population": [
        25,
        46
    ],
    "Winners": [
        23,
        24
    ],
    "Losers": [
        2,
        22
    ],
    "DisasterType": [
        0,
        0
    ],
    "speed": [
        0.2999999999999999,
        0.2999999999999999
    ],
    "vision": [
        30.0,
        30.0
    ],
    "visionRadius": [
        10.0,
        10.0
    ],
    "immunity": [
        1.0,
        1.0
    ],
    "durability": [
        1.141666666666666,
        1.141666666666666
    ],
    "mutationRate": [
        0.005,
        0.005
    ]
}