{
    "Day": [
        1,
        2
    ],
    "Population": [
        20,
        38
    ],
    "Winners": [
        19,
        20
    ],
    "Losers": [
        1,
        18
    ],
    "DisasterType": [
        0,
        0
    ],
    "speed": [
        0.3878947368421052,
        0.5170000000000001
    ],
    "vision": [
        30.0,
        30.436
    ],
    "visionRadius": [
        14.731578947368419,
        15.386499999999998
    ],
    "immunity": [
        1.0,
        1.05
    ],
    "durability": [
        1.4270760233918125,
        1.541997222222222
    ],
    "mutationRate": [
        0.456,
        0.456
    ]
}