{
    "Day": [
        1,
        2
    ],
    "Population": [
        20,
        36
    ],
    "Winners": [
        18,
        20
    ],
    "Losers": [
        2,
        16
    ],
    "DisasterType": [
        0,
        0
    ],
    "speed": [
        0.29999999999999993,
        0.3514999999999999
    ],
    "vision": [
        33.44388888888889,
        36.614000000000004
    ],
    "visionRadius": [
        10.0,
        10.7865
    ],
    "immunity": [
        1.1111111111111112,
        1.05
    ],
    "durability": [
        1.1958263888888885,
        1.2972777777777778
    ],
    "mutationRate": [
        0.306,
        0.306
    ]
}