{
    "Day": [
        1,
        2
    ],
    "Population": [
        20,
        38
    ],
    "Winners": [
        19,
        20
    ],
    "Losers": [
        1,
        18
    ],
    "DisasterType": [
        0,
        0
    ],
    "speed": [
        0.29999999999999993,
        0.29999999999999993
    ],
    "vision": [
        30.0,
        30.0
    ],
    "visionRadius": [
        10.0,
        10.0
    ],
    "immunity": [
        1.0,
        1.0
    ],
    "durability": [
        1.1416666666666662,
        1.1416666666666662
    ],
    "mutationRate": [
        0.005,
        0.005
    ]
}