{
    "Day": [
        1,
        2,
        3,
        4
    ],
    "Population": [
        25,
        46,
        48,
        50
    ],
    "Winners": [
        23,
        24,
        25,
        25
    ],
    "Losers": [
        2,
        22,
        23,
        25
    ],
    "DisasterType": [
        0,
        0,
        2,
        0
    ],
    "speed": [
        0.2999999999999999,
        0.2999999999999999,
        0.2999999999999999,
        0.2999999999999999
    ],
    "vision": [
        30.0,
        30.0,
        30.0,
        30.0
    ],
    "visionRadius": [
        10.0,
        10.0,
        10.0,
        10.0
    ],
    "immunity": [
        1.0,
        1.0,
        1.0,
        1.0
    ],
    "durability": [
        1.141666666666666,
        1.141666666666666,
        1.141666666666666,
        1.141666666666666
    ],
    "mutationRate": [
        0.005,
        0.005,
        0.005,
        0.005
    ]
}