{
    "Day": [
        1,
        2,
        3,
        4,
        5
    ],
    "Population": [
        25,
        48,
        50,
        48,
        50
    ],
    "Winners": [
        24,
        25,
        24,
        25,
        25
    ],
    "Losers": [
        1,
        23,
        26,
        23,
        25
    ],
    "DisasterType": [
        0,
        0,
        0,
        0,
        3
    ],
    "speed": [
        0.2999999999999999,
        0.2999999999999999,
        0.2999999999999999,
        0.2999999999999999,
        0.030000000000000027
    ],
    "vision": [
        30.0,
        30.0,
        30.0,
        30.0,
        30.0
    ],
    "visionRadius": [
        10.0,
        10.0,
        10.0,
        10.0,
        10.0
    ],
    "immunity": [
        1.0,
        1.0,
        1.0,
        1.0,
        1.0
    ],
    "durability": [
        1.141666666666666,
        1.141666666666666,
        1.141666666666666,
        1.141666666666666,
        1.141666666666666
    ],
    "mutationRate": [
        0.005,
        0.005,
        0.005,
        0.005,
        0.005
    ]
}