{
    "Day": [
        1,
        2,
        3,
        4,
        5,
        6,
        7,
        8
    ],
    "Population": [
        25,
        46,
        36,
        35,
        48,
        50,
        50,
        48
    ],
    "Winners": [
        23,
        24,
        25,
        24,
        25,
        25,
        24,
        25
    ],
    "Losers": [
        2,
        22,
        11,
        11,
        23,
        25,
        26,
        23
    ],
    "DisasterType": [
        0,
        0,
        2,
        2,
        0,
        0,
        0,
        3
    ],
    "speed": [
        0.2999999999999999,
        0.2999999999999999,
        0.2999999999999999,
        0.2999999999999999,
        0.2999999999999999,
        0.2999999999999999,
        0.2999999999999999,
        0.2783999999999998
    ],
    "vision": [
        30.0,
        30.0,
        26.16,
        26.5,
        26.16,
        26.64,
        28.5,
        28.56
    ],
    "visionRadius": [
        10.0,
        10.0,
        10.0,
        9.166666666666666,
        9.36,
        9.68,
        9.833333333333334,
        10.0
    ],
    "immunity": [
        1.0,
        1.0,
        1.32,
        1.4583333333333333,
        1.24,
        1.08,
        1.0,
        1.0
    ],
    "durability": [
        1.141666666666666,
        1.141666666666666,
        1.0936666666666666,
        1.05625,
        1.0616666666666665,
        1.0836666666666663,
        1.1145833333333328,
        1.1236666666666661
    ],
    "mutationRate": [
        0.005,
        0.005,
        0.005,
        0.005,
        0.005,
        0.005,
        0.005,
        0.005
    ]
}